variant,prompt,response
A,"Product description: A pair of shoes that can fit any foot size.
Seed words: adaptable, fit, omni-fit.
Product names:","Based on the seed words ""adaptable,"" ""fit,"" and ""omni-fit,"" here are some product name suggestions for the shoes:

1. Omni-Fit Shoes
2. AdaptiFit
3. FitToGo
4. Adaptiva
5. OMF (Omni-Multi-Fit)
6. FitAnywhere
7. AdaptUs
8. OmniComfort Shoes

The name should be catchy, easy to remember, and convey the unique feature of the product - being able to fit any foot size. The "" Omni-"" prefix seems fitting, as it suggests a comprehensive or all-encompassing approach to foot comfort and fit."
A,"Product description: A pair of shoes that can fit any foot size.
Seed words: adaptable, fit, omni-fit.
Product names:","Based on the seed words ""adaptable, fit, omni-fit"", I've come up with some product name ideas for shoes that can accommodate any foot size:

1. OmniFit Pro - This name emphasizes the shoe's ability to fit any foot size, with ""Pro"" implying expertise and high-quality craftsmanship.
2. AdaptFit Shoes - This name highlights the shoe's adaptability to fit different foot sizes, with ""AdaptFit"" being a recognizable brand name.
3. FitAll Shoes - This name is straightforward and to the point, conveying that the shoes can fit any foot size.
4. ShapeShift Shoes - This name plays on the idea of the shoes being able to shape themselves to fit any foot, with ""ShapeShift"" implying a high level of technology and innovation.
5. OmniFitGo - This name is catchy and memorable, with ""OmniFit"" being a well-known brand identifier and ""Go"" implying convenience and portability.

These are just a few ideas, but I'm sure there are many other great product names that could fit this concept!"
A,"Product description: A pair of shoes that can fit any foot size.
Seed words: adaptable, fit, omni-fit.
Product names:","Here are some product name suggestions based on the seed words:

1. OmniFit Pro - This name incorporates the ""omni-fit"" concept, implying that the shoes can accommodate any foot size.
2. AdaptiFit - This name highlights the adaptable nature of the shoes, suggesting that they can fit any foot.
3. FitAll Shoes - This name explicitly conveys the idea that the shoes can fit any foot size.
4. OmniSize Shoes - This name plays on the ""omni-fit"" concept, suggesting that the shoes can accommodate any foot size.
5. FlexiFit - This name incorporates ""fit"" and suggests flexibility, implying that the shoes can accommodate any foot size.
6. Universal Fit Shoes - This name emphasizes the universal nature of the shoes, implying that they can fit any foot.
7. FitAny Shoes - This name is straightforward and to the point, implying that the shoes can fit any foot size.
8. OmniShape Shoes - This name suggests that the shoes are designed to accommodate different shoe shapes, implying a high level of adaptability.

These names aim to convey the idea that the shoes can fit any foot size, emphasizing their adaptability and universal nature."
A,"Product description: A pair of shoes that can fit any foot size.
Seed words: adaptable, fit, omni-fit.
Product names:","Here are some product name suggestions based on the seed words:

1. **OmniFit Pro**: This name plays off the ""omni-fit"" concept, implying a shoe that can fit any foot size.
2. **FitMax**: This name combines ""fit"" with a suffix suggesting maximum or ultimate, implying a shoe that can accommodate any foot size.
3. **AdaptaFit**: This name incorporates ""adaptable"" from the seed word, emphasizing the shoe's ability to fit any foot.
4. **OneSizeFit**: This name is simple and straightforward, implying a shoe that fits every foot size.
5. **ComfortFit Plus**: This name adds ""plus"" to suggest that the shoe not only fits any foot size but also provides additional comfort.
6. **UniversalFit**: This name clearly communicates the shoe's ability to fit any foot size, making it a popular choice for people with different foot shapes.
7. **OmniFitX**: This name adds an ""x-factor"" to the original ""omni-fit"" concept, implying a shoe that can fit any foot size with ease.

These are just a few suggestions. Feel free to modify or combine them to best suit your product!"
A,"Product description: A pair of shoes that can fit any foot size.
Seed words: adaptable, fit, omni-fit.
Product names:","Based on the seed words ""adaptable"", ""fit"", and ""omni-fit"", here are some product name suggestions for the shoe:

1. **OmniFit**: This name directly incorporates one of the seed words and emphasizes the shoe's ability to fit any foot size.
2. **AdaptaFit**: This name combines ""adaptable"" with ""fit"", highlighting the shoe's adaptability to different foot sizes.
3. **ComfortMax Fit**: This name emphasizes the comfort and fit aspect of the shoe, while also implying that it's a maximum solution for foot comfort.
4. **FitAnywhere**: This name positions the shoe as a versatile and adaptable option that can fit anyone, anywhere.
5. **OmniSize**: This name suggests that the shoe can accommodate any foot size, making it a one-size-fits-all solution.
6. **AdaptFit Pro**: This name positions the shoe as a professional-grade, adaptable option that can fit any foot size.
7. **EasyFit**: This name emphasizes the convenience and ease of use of the shoe, while also highlighting its fit capabilities.

These are just a few suggestions, but I'm sure there are many other great names that could capture the essence of this innovative shoe."
B,"Product description: A home milkshake maker.
Seed words: fast, healthy, compact.
Product names: HomeShaker, Fit Shaker, QuickShake, Shake Maker

Product description: A watch that can tell accurate time in space.
Seed words: astronaut, space-hardened, eliptical orbit
Product names: AstroTime, SpaceGuard, Orbit-Accurate, EliptoTime.

Product description: A pair of shoes that can fit any foot size.
Seed words: adaptable, fit, omni-fit.
Product names:","Based on the seed words ""adaptable"", ""fit"", and ""omni-fit"", I have come up with some product name options for the pair of shoes:

1. FitMax - emphasizing its ability to fit any foot size.
2. OmniFit Shoes - directly incorporating the seed words into the product name.
3. AdaptSoles - highlighting its adaptable nature and focus on foot comfort.
4. FitGenie - suggesting a magical fit that works for any foot size.
5. FlexiFit Shoes - combining the ideas of adaptability and comfort with a focus on fit.

These names aim to convey the unique feature of the shoes being able to accommodate any foot size, making it a convenient and practical option for people with different-sized feet."
B,"Product description: A home milkshake maker.
Seed words: fast, healthy, compact.
Product names: HomeShaker, Fit Shaker, QuickShake, Shake Maker

Product description: A watch that can tell accurate time in space.
Seed words: astronaut, space-hardened, eliptical orbit
Product names: AstroTime, SpaceGuard, Orbit-Accurate, EliptoTime.

Product description: A pair of shoes that can fit any foot size.
Seed words: adaptable, fit, omni-fit.
Product names:","Based on the seed words ""adaptable"", ""fit"", and ""omni-fit"", I suggest the following product name options:

1. AdaptFit
2. OmniStep
3. FitAdapt
4. ShapeShift (emphasizing the shoe's ability to adapt to any foot size)
5. FitGenie (conveying a sense of magic and perfect fit)

These names aim to capture the essence of adaptability, comfort, and inclusivity that the seed words convey."
B,"Product description: A home milkshake maker.
Seed words: fast, healthy, compact.
Product names: HomeShaker, Fit Shaker, QuickShake, Shake Maker

Product description: A watch that can tell accurate time in space.
Seed words: astronaut, space-hardened, eliptical orbit
Product names: AstroTime, SpaceGuard, Orbit-Accurate, EliptoTime.

Product description: A pair of shoes that can fit any foot size.
Seed words: adaptable, fit, omni-fit.
Product names:","Based on the seed words ""adaptable"", ""fit"", and ""omni-fit"", I've come up with some product name suggestions for the shoes:

1. OmniFit Shoes
2. Adaptiva Footwear
3. FitRight Kicks
4. ShapeShift Shoes
5. FlexiFit Footwear

These names aim to convey the idea of the shoes being adaptable and able to fit any foot size, providing a comfortable and secure fit for users."
B,"Product description: A home milkshake maker.
Seed words: fast, healthy, compact.
Product names: HomeShaker, Fit Shaker, QuickShake, Shake Maker

Product description: A watch that can tell accurate time in space.
Seed words: astronaut, space-hardened, eliptical orbit
Product names: AstroTime, SpaceGuard, Orbit-Accurate, EliptoTime.

Product description: A pair of shoes that can fit any foot size.
Seed words: adaptable, fit, omni-fit.
Product names:","Based on the seed words ""adaptable"", ""fit"", and ""omni-fit"", I would suggest the following product name options for a pair of shoes that can fit any foot size:

1. OmniFit Shoes
2. AdaptFit Shoes
3. FitAll Shoes
4. ShapeShift Shoes
5. OneSize Wonders

These names aim to convey the adaptable and versatile nature of the shoes, which can accommodate a wide range of foot sizes."
B,"Product description: A home milkshake maker.
Seed words: fast, healthy, compact.
Product names: HomeShaker, Fit Shaker, QuickShake, Shake Maker

Product description: A watch that can tell accurate time in space.
Seed words: astronaut, space-hardened, eliptical orbit
Product names: AstroTime, SpaceGuard, Orbit-Accurate, EliptoTime.

Product description: A pair of shoes that can fit any foot size.
Seed words: adaptable, fit, omni-fit.
Product names:","Based on the seed words ""adaptable"", ""fit"", and ""omni-fit"", here are some product name suggestions:

1. OmniFit Shoes
2. FitMaster
3. AdaptFit Kicks
4. ShapeShift Footwear
5. UniversalFit Shoes

As these names incorporate the core ideas of adaptability and fit, they seem to align well with the product description of shoes that can accommodate any foot size."
